{
    "$schema": "https://schema.management.azure.com/schemas/2015-01-01/deploymentTemplate.json#",
    "contentVersion": "1.0.0.0",
    "parameters": {
        "virtualNetworks_vnet_01_name": {
            "defaultValue": "vnet-01",
            "type": "String"
        },
        "networkSecurityGroups_vnetsg01_externalid": {
            "defaultValue": "/subscriptions/b1159b2b-54c5-4151-a9f3-90dfcc4c2fce/resourceGroups/RSG_01/providers/Microsoft.Network/networkSecurityGroups/vnetsg01",
            "type": "String"
        }
    },
    "variables": {},
    "resources": [
        {
            "type": "Microsoft.Network/virtualNetworks",
            "apiVersion": "2019-06-01",
            "name": "[parameters('virtualNetworks_vnet_01_name')]",
            "location": "northeurope",
            "tags": {
                "Department": "Networking"
            },
            "properties": {
                "provisioningState": "Succeeded",
                "resourceGuid": "3c295c53-c3d7-4c9b-bd40-c5f19c13b9dc",
                "addressSpace": {
                    "addressPrefixes": [
                        "10.0.0.0/23"
                    ]
                },
                "subnets": [
                    {
                        "name": "default",
                        "etag": "W/\"b1f6d68b-08a1-4176-9e17-91d078d3bde3\"",
                        "properties": {
                            "provisioningState": "Succeeded",
                            "addressPrefix": "10.0.0.0/28",
                            "networkSecurityGroup": {
                                "id": "[parameters('networkSecurityGroups_vnetsg01_externalid')]"
                            },
                            "serviceEndpoints": [
                                {
                                    "provisioningState": "Succeeded",
                                    "service": "Microsoft.KeyVault",
                                    "locations": [
                                        "*"
                                    ]
                                },
                                {
                                    "provisioningState": "Succeeded",
                                    "service": "Microsoft.Storage",
                                    "locations": [
                                        "northeurope",
                                        "westeurope"
                                    ]
                                },
                                {
                                    "provisioningState": "Succeeded",
                                    "service": "Microsoft.Web",
                                    "locations": [
                                        "*"
                                    ]
                                },
                                {
                                    "provisioningState": "Succeeded",
                                    "service": "Microsoft.ContainerRegistry",
                                    "locations": [
                                        "*"
                                    ]
                                }
                            ],
                            "delegations": [],
                            "privateEndpointNetworkPolicies": "Enabled",
                            "privateLinkServiceNetworkPolicies": "Enabled"
                        }
                    }
                ],
                "virtualNetworkPeerings": [],
                "enableDdosProtection": false,
                "enableVmProtection": false
            }
        },
        {
            "type": "Microsoft.Network/virtualNetworks/subnets",
            "apiVersion": "2019-06-01",
            "name": "[concat(parameters('virtualNetworks_vnet_01_name'), '/default')]",
            "dependsOn": [
                "[resourceId('Microsoft.Network/virtualNetworks', parameters('virtualNetworks_vnet_01_name'))]"
            ],
            "properties": {
                "provisioningState": "Succeeded",
                "addressPrefix": "10.0.0.0/28",
                "networkSecurityGroup": {
                    "id": "[parameters('networkSecurityGroups_vnetsg01_externalid')]"
                },
                "serviceEndpoints": [
                    {
                        "provisioningState": "Succeeded",
                        "service": "Microsoft.KeyVault",
                        "locations": [
                            "*"
                        ]
                    },
                    {
                        "provisioningState": "Succeeded",
                        "service": "Microsoft.Storage",
                        "locations": [
                            "northeurope",
                            "westeurope"
                        ]
                    },
                    {
                        "provisioningState": "Succeeded",
                        "service": "Microsoft.Web",
                        "locations": [
                            "*"
                        ]
                    },
                    {
                        "provisioningState": "Succeeded",
                        "service": "Microsoft.ContainerRegistry",
                        "locations": [
                            "*"
                        ]
                    }
                ],
                "delegations": [],
                "privateEndpointNetworkPolicies": "Enabled",
                "privateLinkServiceNetworkPolicies": "Enabled"
            }
        }
    ]
}