{
    "$schema": "https://schema.management.azure.com/schemas/2015-01-01/deploymentTemplate.json#",
    "contentVersion": "1.0.0.0",
    "parameters": {
        "applicationGateways_appgw01_name": {
            "defaultValue": "appgw01",
            "type": "String"
        },
        "virtualNetworks_vnet_01_externalid": {
            "defaultValue": "/subscriptions/b1159b2b-54c5-4151-a9f3-90dfcc4c2fce/resourceGroups/RSG_01/providers/Microsoft.Network/virtualNetworks/vnet-01",
            "type": "String"
        },
        "publicIPAddresses_myappgw_externalid": {
            "defaultValue": "/subscriptions/b1159b2b-54c5-4151-a9f3-90dfcc4c2fce/resourceGroups/RSG_01/providers/Microsoft.Network/publicIPAddresses/myappgw",
            "type": "String"
        }
    },
    "variables": {},
    "resources": [
        {
            "type": "Microsoft.Network/applicationGateways",
            "apiVersion": "2019-06-01",
            "name": "[parameters('applicationGateways_appgw01_name')]",
            "location": "northeurope",
            "tags": {
                "Department": "Networking"
            },
            "zones": [
                "1"
            ],
            "properties": {
                "provisioningState": "Succeeded",
                "resourceGuid": "e3f1ac50-f8aa-4950-bf12-ff35d8cd033c",
                "sku": {
                    "name": "Standard_v2",
                    "tier": "Standard_v2"
                },
                "gatewayIPConfigurations": [
                    {
                        "name": "appGatewayIpConfig",
                        "etag": "W/\"62d4c1b4-a6bc-4fa8-a263-596ec956af77\"",
                        "properties": {
                            "provisioningState": "Succeeded",
                            "subnet": {
                                "id": "[concat(parameters('virtualNetworks_vnet_01_externalid'), '/subnets/default')]"
                            }
                        },
                        "type": "Microsoft.Network/applicationGateways/gatewayIPConfigurations"
                    }
                ],
                "sslCertificates": [],
                "trustedRootCertificates": [],
                "frontendIPConfigurations": [
                    {
                        "name": "appGwPublicFrontendIp",
                        "etag": "W/\"62d4c1b4-a6bc-4fa8-a263-596ec956af77\"",
                        "type": "Microsoft.Network/applicationGateways/frontendIPConfigurations",
                        "properties": {
                            "provisioningState": "Succeeded",
                            "privateIPAllocationMethod": "Dynamic",
                            "publicIPAddress": {
                                "id": "[parameters('publicIPAddresses_myappgw_externalid')]"
                            }
                        }
                    }
                ],
                "frontendPorts": [
                    {
                        "name": "port_80",
                        "etag": "W/\"62d4c1b4-a6bc-4fa8-a263-596ec956af77\"",
                        "properties": {
                            "provisioningState": "Succeeded",
                            "port": 80
                        },
                        "type": "Microsoft.Network/applicationGateways/frontendPorts"
                    }
                ],
                "backendAddressPools": [
                    {
                        "name": "appgwbackendpool",
                        "etag": "W/\"62d4c1b4-a6bc-4fa8-a263-596ec956af77\"",
                        "properties": {
                            "provisioningState": "Succeeded",
                            "backendAddresses": [
                                {
                                    "fqdn": "senwebapp02.azurewebsites.net"
                                },
                                {
                                    "fqdn": "senwebapp.azurewebsites.net"
                                }
                            ]
                        },
                        "type": "Microsoft.Network/applicationGateways/backendAddressPools"
                    }
                ],
                "backendHttpSettingsCollection": [
                    {
                        "name": "httpsettings01",
                        "etag": "W/\"62d4c1b4-a6bc-4fa8-a263-596ec956af77\"",
                        "properties": {
                            "provisioningState": "Succeeded",
                            "port": 80,
                            "protocol": "Http",
                            "cookieBasedAffinity": "Disabled",
                            "pickHostNameFromBackendAddress": true,
                            "requestTimeout": 20,
                            "probe": {
                                "id": "[concat(resourceId('Microsoft.Network/applicationGateways', parameters('applicationGateways_appgw01_name')), '/probes/httpsettings01136fa748-b13e-44cf-ad6f-24ba797b8005')]"
                            }
                        },
                        "type": "Microsoft.Network/applicationGateways/backendHttpSettingsCollection"
                    }
                ],
                "httpListeners": [
                    {
                        "name": "httplistner",
                        "etag": "W/\"62d4c1b4-a6bc-4fa8-a263-596ec956af77\"",
                        "properties": {
                            "provisioningState": "Succeeded",
                            "frontendIPConfiguration": {
                                "id": "[concat(resourceId('Microsoft.Network/applicationGateways', parameters('applicationGateways_appgw01_name')), '/frontendIPConfigurations/appGwPublicFrontendIp')]"
                            },
                            "frontendPort": {
                                "id": "[concat(resourceId('Microsoft.Network/applicationGateways', parameters('applicationGateways_appgw01_name')), '/frontendPorts/port_80')]"
                            },
                            "protocol": "Http",
                            "requireServerNameIndication": false
                        },
                        "type": "Microsoft.Network/applicationGateways/httpListeners"
                    }
                ],
                "urlPathMaps": [],
                "requestRoutingRules": [
                    {
                        "name": "01",
                        "etag": "W/\"62d4c1b4-a6bc-4fa8-a263-596ec956af77\"",
                        "properties": {
                            "provisioningState": "Succeeded",
                            "ruleType": "Basic",
                            "httpListener": {
                                "id": "[concat(resourceId('Microsoft.Network/applicationGateways', parameters('applicationGateways_appgw01_name')), '/httpListeners/httplistner')]"
                            },
                            "backendAddressPool": {
                                "id": "[concat(resourceId('Microsoft.Network/applicationGateways', parameters('applicationGateways_appgw01_name')), '/backendAddressPools/appgwbackendpool')]"
                            },
                            "backendHttpSettings": {
                                "id": "[concat(resourceId('Microsoft.Network/applicationGateways', parameters('applicationGateways_appgw01_name')), '/backendHttpSettingsCollection/httpsettings01')]"
                            }
                        },
                        "type": "Microsoft.Network/applicationGateways/requestRoutingRules"
                    }
                ],
                "probes": [
                    {
                        "name": "httpsettings01136fa748-b13e-44cf-ad6f-24ba797b8005",
                        "etag": "W/\"62d4c1b4-a6bc-4fa8-a263-596ec956af77\"",
                        "properties": {
                            "provisioningState": "Succeeded",
                            "protocol": "Http",
                            "path": "/",
                            "interval": 30,
                            "timeout": 30,
                            "unhealthyThreshold": 3,
                            "pickHostNameFromBackendHttpSettings": true,
                            "minServers": 0,
                            "match": {}
                        },
                        "type": "Microsoft.Network/applicationGateways/probes"
                    }
                ],
                "rewriteRuleSets": [],
                "redirectConfigurations": [],
                "enableHttp2": false,
                "autoscaleConfiguration": {
                    "minCapacity": 2,
                    "maxCapacity": 10
                }
            }
        }
    ]
}