{
    "$schema": "https://schema.management.azure.com/schemas/2015-01-01/deploymentTemplate.json#",
    "contentVersion": "1.0.0.0",
    "parameters": {
        "serverfarms_ASP_RSG01_8538_name": {
            "defaultValue": "ASP-RSG01-8538",
            "type": "String"
        }
    },
    "variables": {},
    "resources": [
        {
            "type": "Microsoft.Web/serverfarms",
            "apiVersion": "2016-09-01",
            "name": "[parameters('serverfarms_ASP_RSG01_8538_name')]",
            "location": "North Europe",
            "tags": {
                "Department": "Applications"
            },
            "sku": {
                "name": "S1",
                "tier": "Standard",
                "size": "S1",
                "family": "S",
                "capacity": 0
            },
            "kind": "app",
            "properties": {
                "name": "[parameters('serverfarms_ASP_RSG01_8538_name')]",
                "perSiteScaling": false,
                "reserved": false,
                "targetWorkerCount": 0,
                "targetWorkerSizeId": 0
            }
        }
    ]
}