{
    "$schema": "https://schema.management.azure.com/schemas/2015-01-01/deploymentTemplate.json#",
    "contentVersion": "1.0.0.0",
    "parameters": {
        "storageAccounts_prista01_name": {
            "defaultValue": "prista01",
            "type": "String"
        },
        "virtualNetworks_vnet_01_externalid": {
            "defaultValue": "/subscriptions/b1159b2b-54c5-4151-a9f3-90dfcc4c2fce/resourceGroups/RSG_01/providers/Microsoft.Network/virtualNetworks/vnet-01",
            "type": "String"
        }
    },
    "variables": {},
    "resources": [
        {
            "type": "Microsoft.Storage/storageAccounts",
            "apiVersion": "2019-04-01",
            "name": "[parameters('storageAccounts_prista01_name')]",
            "location": "northeurope",
            "tags": {
                "Department": "Storage"
            },
            "sku": {
                "name": "Standard_RAGRS",
                "tier": "Standard"
            },
            "kind": "StorageV2",
            "identity": {
                "principalId": "16d37925-68dc-4127-b942-0dc2fc8b8410",
                "tenantId": "8138cd4c-dff0-4fc3-8360-a7978f801b7b",
                "type": "SystemAssigned"
            },
            "properties": {
                "isHnsEnabled": true,
                "networkAcls": {
                    "bypass": "AzureServices",
                    "virtualNetworkRules": [
                        {
                            "id": "[concat(parameters('virtualNetworks_vnet_01_externalid'), '/subnets/default')]",
                            "action": "Allow",
                            "state": "Succeeded"
                        }
                    ],
                    "ipRules": [
                        {
                            "value": "45.220.31.187",
                            "action": "Allow"
                        },
                        {
                            "value": "41.169.78.66",
                            "action": "Allow"
                        }
                    ],
                    "defaultAction": "Deny"
                },
                "supportsHttpsTrafficOnly": true,
                "encryption": {
                    "keyvaultproperties": {
                        "keyvaulturi": "https://prikv-01.vault.azure.net",
                        "keyname": "pvtkey01",
                        "keyversion": "6a08d371f56746349fcd98df8d48f309"
                    },
                    "services": {
                        "file": {
                            "enabled": true
                        },
                        "blob": {
                            "enabled": true
                        }
                    },
                    "keySource": "Microsoft.Keyvault"
                },
                "accessTier": "Hot"
            }
        }
    ]
}