{
    "$schema": "https://schema.management.azure.com/schemas/2015-01-01/deploymentTemplate.json#",
    "contentVersion": "1.0.0.0",
    "parameters": {
        "vaults_prikv_01_name": {
            "defaultValue": "prikv-01",
            "type": "String"
        }
    },
    "variables": {},
    "resources": [
        {
            "type": "Microsoft.KeyVault/vaults",
            "apiVersion": "2016-10-01",
            "name": "[parameters('vaults_prikv_01_name')]",
            "location": "northeurope",
            "tags": {
                "Department": "Security"
            },
            "properties": {
                "sku": {
                    "family": "A",
                    "name": "Standard"
                },
                "tenantId": "8138cd4c-dff0-4fc3-8360-a7978f801b7b",
                "accessPolicies": [
                    {
                        "tenantId": "8138cd4c-dff0-4fc3-8360-a7978f801b7b",
                        "objectId": "d93f0647-9d36-48f1-955b-7f4b8b70788d",
                        "permissions": {
                            "keys": [
                                "Get",
                                "List",
                                "Update",
                                "Create",
                                "Import",
                                "Delete",
                                "Recover",
                                "Backup",
                                "Restore"
                            ],
                            "secrets": [
                                "Get",
                                "List",
                                "Set",
                                "Delete",
                                "Recover",
                                "Backup",
                                "Restore"
                            ],
                            "certificates": [
                                "Get",
                                "List",
                                "Update",
                                "Create",
                                "Import",
                                "Delete",
                                "Recover",
                                "Backup",
                                "Restore",
                                "ManageContacts",
                                "ManageIssuers",
                                "GetIssuers",
                                "ListIssuers",
                                "SetIssuers",
                                "DeleteIssuers"
                            ]
                        }
                    },
                    {
                        "tenantId": "8138cd4c-dff0-4fc3-8360-a7978f801b7b",
                        "objectId": "16d37925-68dc-4127-b942-0dc2fc8b8410",
                        "permissions": {
                            "keys": [
                                "Get",
                                "WrapKey",
                                "UnwrapKey"
                            ],
                            "secrets": [],
                            "certificates": []
                        }
                    }
                ],
                "enabledForDeployment": false,
                "enabledForDiskEncryption": true,
                "enabledForTemplateDeployment": true,
                "enableSoftDelete": true
            }
        },
        {
            "type": "Microsoft.KeyVault/vaults/secrets",
            "apiVersion": "2016-10-01",
            "name": "[concat(parameters('vaults_prikv_01_name'), '/secret01-01')]",
            "location": "northeurope",
            "dependsOn": [
                "[resourceId('Microsoft.KeyVault/vaults', parameters('vaults_prikv_01_name'))]"
            ],
            "properties": {
                "attributes": {
                    "enabled": true
                }
            }
        }
    ]
}