{
    "$schema": "https://schema.management.azure.com/schemas/2015-01-01/deploymentTemplate.json#",
    "contentVersion": "1.0.0.0",
    "parameters": {
        "publicIPAddresses_myappgw_name": {
            "defaultValue": "myappgw",
            "type": "String"
        }
    },
    "variables": {},
    "resources": [
        {
            "type": "Microsoft.Network/publicIPAddresses",
            "apiVersion": "2019-06-01",
            "name": "[parameters('publicIPAddresses_myappgw_name')]",
            "location": "northeurope",
            "tags": {
                "Department": "Networking"
            },
            "sku": {
                "name": "Standard",
                "tier": "Regional"
            },
            "zones": [
                "1"
            ],
            "properties": {
                "provisioningState": "Succeeded",
                "resourceGuid": "6d960699-0d39-41b2-a938-cae8c746bac6",
                "ipAddress": "13.79.120.121",
                "publicIPAddressVersion": "IPv4",
                "publicIPAllocationMethod": "Static",
                "idleTimeoutInMinutes": 4,
                "dnsSettings": {
                    "domainNameLabel": "mysenapp",
                    "fqdn": "mysenapp.northeurope.cloudapp.azure.com"
                },
                "ipTags": []
            }
        }
    ]
}